{"initial_reset_timestamp": 1606280364.8687518, "timestamps": [1606280434.095432, 1606280488.149687, 1606280505.990386, 1606280529.996084, 1606280547.910829, 1606280566.972766, 1606280584.7094111, 1606280613.648661, 1606280681.433228, 1606280712.965773], "episode_lengths": [2000, 2000, 2000, 2000, 2000, 2000, 2000, 2000, 2000, 2000], "episode_rewards": [59.941888415341516, -147.52863351924267, 9.917662473902352, 88.04250540090156, 102.85191000695879, -53.63998992997893, -66.68044263286845, 82.42728965351215, 122.29129453499696, -21.48297910469768], "episode_types": ["t", "t", "t", "t", "t", "t", "t", "t", "t", "t"]}